<?xml version="1.0" encoding="UTF-8"?>
<!DOCTYPE hibernate-mapping PUBLIC
        "-//Hibernate/Hibernate Mapping DTD 3.0//EN"
        "http://www.hibernate.org/dtd/hibernate-mapping-3.0.dtd">
<!-- Mapeamos la clase Modulo con la tabla modulos-->
<hibernate-mapping>
    <class name="pac.Modulo" table="modulos">
        <id name="id" type="long">
            <column name="idModulo"/>
            <generator class="increment"/>
        </id>
        <property name="nombre" column="Nombre" type="string"/>
        <property name="codigo" column="Codigo" type="string"/>
    </class>
</hibernate-mapping>

        <!--
        Apuntes Acceso a Datos Ilerna DAM
        http://cursohibernate.es/doku.php?id=unidades:03_relaciones:05_muchos_a_muchos_desordenada-->