<?xml version="1.0" encoding="UTF-8"?>
<!DOCTYPE hibernate-mapping PUBLIC
        "-//Hibernate/Hibernate Mapping DTD 3.0//EN"
        "http://www.hibernate.org/dtd/hibernate-mapping-3.0.dtd">
<!--Mapeo de la clase Profesor con la tabla profesores-->
<hibernate-mapping>
    <class name="pac.Profesor" table="profesores">
        <id name="id" type="long">
            <column name="idProfesor" />
            <generator class="increment"/>
        </id>
        <property name="nombre" column="nombre" type="string"/>
        <property name="sexo" column="sexo" type="string"/>
    </class>
</hibernate-mapping>

<!--
DTD obtenido de
http://hibernate.org/dtd/
-->

        <!--
        Apuntes Acceso a Datos Ilerna DAM
        http://cursohibernate.es/doku.php?id=unidades:03_relaciones:05_muchos_a_muchos_desordenada-->